<?xml version="1.0" encoding="UTF-8"?>
<zabbix_export>
    <version>5.0</version>
    <date>2021-09-07T06:40:27Z</date>
    <groups>
        <group>
            <name>Templates SNMP</name>
        </group>
    </groups>
    <templates>
        <template>
            <template>Template ESP SMTP</template>
            <name>Template ESP SMTP</name>
            <groups>
                <group>
                    <name>Templates SNMP</name>
                </group>
            </groups>
            <applications>
                <application>
                    <name>System</name>
                </application>
            </applications>
            <items>
                <item>
                    <name>UpTime</name>
                    <type>SNMP_AGENT</type>
                    <snmp_oid>.1.3.6.1.2.1.1.3.0</snmp_oid>
                    <key>DISMAN-EVENT-MIB_sysUpTimeInstance</key>
                    <delay>60</delay>
                    <history>7d</history>
                    <trends>30d</trends>
                    <units>uptime</units>
                    <applications>
                        <application>
                            <name>System</name>
                        </application>
                    </applications>
                    <preprocessing>
                        <step>
                            <type>MULTIPLIER</type>
                            <params>0.01</params>
                        </step>
                    </preprocessing>
                </item>
                <item>
                    <name>Ping</name>
                    <type>SIMPLE</type>
                    <key>icmpping</key>
                    <delay>60</delay>
                    <history>7d</history>
                    <trends>30d</trends>
                    <applications>
                        <application>
                            <name>System</name>
                        </application>
                    </applications>
                </item>
                <item>
                    <name>ICMP response time</name>
                    <type>SIMPLE</type>
                    <key>icmppingsec</key>
                    <delay>60</delay>
                    <history>7d</history>
                    <trends>30d</trends>
                    <value_type>FLOAT</value_type>
                    <units>s</units>
                    <applications>
                        <application>
                            <name>System</name>
                        </application>
                    </applications>
                </item>
                <item>
                    <name>sysContact</name>
                    <type>SNMP_AGENT</type>
                    <snmp_oid>SNMPv2-MIB::sysContact.0</snmp_oid>
                    <key>sysContact.0</key>
                    <delay>900</delay>
                    <history>7d</history>
                    <trends>0</trends>
                    <value_type>CHAR</value_type>
                    <applications>
                        <application>
                            <name>System</name>
                        </application>
                    </applications>
                </item>
                <item>
                    <name>sysDescr</name>
                    <type>SNMP_AGENT</type>
                    <snmp_oid>SNMPv2-MIB::sysDescr.0</snmp_oid>
                    <key>sysDescr.0</key>
                    <delay>900</delay>
                    <history>7d</history>
                    <trends>0</trends>
                    <value_type>CHAR</value_type>
                    <applications>
                        <application>
                            <name>System</name>
                        </application>
                    </applications>
                </item>
                <item>
                    <name>sysLocation</name>
                    <type>SNMP_AGENT</type>
                    <snmp_oid>SNMPv2-MIB::sysLocation.0</snmp_oid>
                    <key>sysLocation.0</key>
                    <delay>900</delay>
                    <history>7d</history>
                    <trends>0</trends>
                    <value_type>CHAR</value_type>
                    <description>Местоположение</description>
                    <applications>
                        <application>
                            <name>System</name>
                        </application>
                    </applications>
                </item>
                <item>
                    <name>sysName</name>
                    <type>SNMP_AGENT</type>
                    <snmp_oid>SNMPv2-MIB::sysName.0</snmp_oid>
                    <key>sysName.0</key>
                    <delay>900</delay>
                    <history>7d</history>
                    <trends>0</trends>
                    <value_type>CHAR</value_type>
                    <applications>
                        <application>
                            <name>System</name>
                        </application>
                    </applications>
                </item>
                <item>
                    <name>sysObjectID</name>
                    <type>SNMP_AGENT</type>
                    <snmp_oid>SNMPv2-MIB::sysObjectID.0</snmp_oid>
                    <key>sysObjectID.0</key>
                    <delay>900</delay>
                    <history>7d</history>
                    <trends>0</trends>
                    <value_type>CHAR</value_type>
                    <applications>
                        <application>
                            <name>System</name>
                        </application>
                    </applications>
                </item>
                <item>
                    <name>sysServices</name>
                    <type>SNMP_AGENT</type>
                    <snmp_oid>SNMPv2-MIB::sysServices.0</snmp_oid>
                    <key>sysServices.0</key>
                    <delay>900</delay>
                    <history>7d</history>
                    <trends>30d</trends>
                    <applications>
                        <application>
                            <name>System</name>
                        </application>
                    </applications>
                </item>
            </items>
            <discovery_rules>
                <discovery_rule>
                    <name>Discovery ADC</name>
                    <type>SNMP_AGENT</type>
                    <snmp_oid>discovery[{#PTYPE},1.3.6.1.4.1.4949.1.0,{#PDESCR},1.3.6.1.4.1.4949.1.1]</snmp_oid>
                    <key>adc.discovery</key>
                    <delay>30m</delay>
                    <filter>
                        <conditions>
                            <condition>
                                <macro>{#PTYPE}</macro>
                                <value>ADC</value>
                                <formulaid>A</formulaid>
                            </condition>
                        </conditions>
                    </filter>
                    <item_prototypes>
                        <item_prototype>
                            <name>{#PDESCR}.Value</name>
                            <type>SNMP_AGENT</type>
                            <snmp_oid>.1.3.6.1.4.1.4949.1.2.{#SNMPINDEX}</snmp_oid>
                            <key>adc.discovery.[{#SNMPINDEX}]</key>
                            <application_prototypes>
                                <application_prototype>
                                    <name>ADC</name>
                                </application_prototype>
                            </application_prototypes>
                        </item_prototype>
                    </item_prototypes>
                </discovery_rule>
                <discovery_rule>
                    <name>Discovery BUS Temperature Sensor</name>
                    <type>SNMP_AGENT</type>
                    <snmp_oid>discovery[{#DTYPE},1.3.6.1.4.1.4949.2.0,{#DDESCR},1.3.6.1.4.1.4949.2.1,{#DNUM},1.3.6.1.4.1.4949.2.2]</snmp_oid>
                    <key>bus.tsensor.discovery</key>
                    <delay>30m</delay>
                    <filter>
                        <conditions>
                            <condition>
                                <macro>{#DTYPE}</macro>
                                <value>BUS</value>
                                <formulaid>A</formulaid>
                            </condition>
                        </conditions>
                    </filter>
                    <item_prototypes>
                        <item_prototype>
                            <name>{#DDESCR}.DS{#DNUM}.Temperature</name>
                            <type>SNMP_AGENT</type>
                            <snmp_oid>.1.3.6.1.4.1.4949.2.3.{#SNMPINDEX}</snmp_oid>
                            <key>bus.tsensor.discovery.[{#SNMPINDEX}]</key>
                            <value_type>FLOAT</value_type>
                            <units>°C</units>
                            <application_prototypes>
                                <application_prototype>
                                    <name>Sensors.{#DDESCR}</name>
                                </application_prototype>
                            </application_prototypes>
                            <preprocessing>
                                <step>
                                    <type>MULTIPLIER</type>
                                    <params>0.1</params>
                                </step>
                            </preprocessing>
                        </item_prototype>
                    </item_prototypes>
                    <graph_prototypes>
                        <graph_prototype>
                            <name>{#DDESCR}.DS{#DNUM}.Temperature</name>
                            <graph_items>
                                <graph_item>
                                    <sortorder>1</sortorder>
                                    <color>1A7C11</color>
                                    <item>
                                        <host>Template ESP SMTP</host>
                                        <key>bus.tsensor.discovery.[{#SNMPINDEX}]</key>
                                    </item>
                                </graph_item>
                            </graph_items>
                        </graph_prototype>
                    </graph_prototypes>
                </discovery_rule>
                <discovery_rule>
                    <name>Discovery Humidity Sensor</name>
                    <type>SNMP_AGENT</type>
                    <snmp_oid>discovery[{#PTYPE},1.3.6.1.4.1.4949.1.0,{#PDESCR},1.3.6.1.4.1.4949.1.1]</snmp_oid>
                    <key>hsensor.discovery</key>
                    <delay>30m</delay>
                    <filter>
                        <conditions>
                            <condition>
                                <macro>{#PTYPE}</macro>
                                <value>AM</value>
                                <formulaid>A</formulaid>
                            </condition>
                            <condition>
                                <macro>{#PTYPE}</macro>
                                <value>BME</value>
                                <formulaid>B</formulaid>
                            </condition>
                        </conditions>
                    </filter>
                    <item_prototypes>
                        <item_prototype>
                            <name>{#PDESCR}.Humidity</name>
                            <type>SNMP_AGENT</type>
                            <snmp_oid>.1.3.6.1.4.1.4949.1.3.{#SNMPINDEX}</snmp_oid>
                            <key>hsensor.discovery.[{#SNMPINDEX}]</key>
                            <delay>5m</delay>
                            <value_type>FLOAT</value_type>
                            <units>%</units>
                            <application_prototypes>
                                <application_prototype>
                                    <name>Sensors</name>
                                </application_prototype>
                            </application_prototypes>
                            <preprocessing>
                                <step>
                                    <type>MULTIPLIER</type>
                                    <params>0.1</params>
                                </step>
                            </preprocessing>
                        </item_prototype>
                    </item_prototypes>
                    <graph_prototypes>
                        <graph_prototype>
                            <name>{#PDESCR}.Humidity</name>
                            <graph_items>
                                <graph_item>
                                    <sortorder>1</sortorder>
                                    <color>4000FF</color>
                                    <item>
                                        <host>Template ESP SMTP</host>
                                        <key>hsensor.discovery.[{#SNMPINDEX}]</key>
                                    </item>
                                </graph_item>
                            </graph_items>
                        </graph_prototype>
                    </graph_prototypes>
                </discovery_rule>
                <discovery_rule>
                    <name>Discovery Dry Contact Inputs</name>
                    <type>SNMP_AGENT</type>
                    <snmp_oid>discovery[{#PTYPE},1.3.6.1.4.1.4949.1.0,{#PDESCR},1.3.6.1.4.1.4949.1.1]</snmp_oid>
                    <key>in.discovery</key>
                    <delay>30m</delay>
                    <filter>
                        <conditions>
                            <condition>
                                <macro>{#PTYPE}</macro>
                                <value>IN</value>
                                <formulaid>A</formulaid>
                            </condition>
                        </conditions>
                    </filter>
                    <item_prototypes>
                        <item_prototype>
                            <name>{#PDESCR}.Hits Count</name>
                            <type>SNMP_AGENT</type>
                            <snmp_oid>.1.3.6.1.4.1.4949.1.3.{#SNMPINDEX}</snmp_oid>
                            <key>count.discovery.[{#SNMPINDEX}]</key>
                            <application_prototypes>
                                <application_prototype>
                                    <name>Dry Contacts</name>
                                </application_prototype>
                            </application_prototypes>
                        </item_prototype>
                        <item_prototype>
                            <name>{#PDESCR}.Status</name>
                            <type>SNMP_AGENT</type>
                            <snmp_oid>.1.3.6.1.4.1.4949.1.2.{#SNMPINDEX}</snmp_oid>
                            <key>in.discovery.[{#SNMPINDEX}]</key>
                            <trends>0</trends>
                            <value_type>LOG</value_type>
                            <application_prototypes>
                                <application_prototype>
                                    <name>Dry Contacts</name>
                                </application_prototype>
                            </application_prototypes>
                        </item_prototype>
                    </item_prototypes>
                </discovery_rule>
                <discovery_rule>
                    <name>Discovery Light Sensor</name>
                    <type>SNMP_AGENT</type>
                    <snmp_oid>discovery[{#PTYPE},1.3.6.1.4.1.4949.1.0,{#PDESCR},1.3.6.1.4.1.4949.1.1]</snmp_oid>
                    <key>light.discovery</key>
                    <delay>30m</delay>
                    <filter>
                        <conditions>
                            <condition>
                                <macro>{#PTYPE}</macro>
                                <value>BH1750</value>
                                <formulaid>A</formulaid>
                            </condition>
                        </conditions>
                    </filter>
                    <item_prototypes>
                        <item_prototype>
                            <name>{#PDESCR}.Light</name>
                            <type>SNMP_AGENT</type>
                            <snmp_oid>.1.3.6.1.4.1.4949.1.5.{#SNMPINDEX}</snmp_oid>
                            <key>light.discovery.[{#SNMPINDEX}]</key>
                            <delay>5m</delay>
                            <units>lux</units>
                            <application_prototypes>
                                <application_prototype>
                                    <name>Sensors</name>
                                </application_prototype>
                            </application_prototypes>
                            <preprocessing>
                                <step>
                                    <type>MULTIPLIER</type>
                                    <params>1</params>
                                </step>
                            </preprocessing>
                        </item_prototype>
                    </item_prototypes>
                    <graph_prototypes>
                        <graph_prototype>
                            <name>{#PDESCR}.Light</name>
                            <graph_items>
                                <graph_item>
                                    <sortorder>1</sortorder>
                                    <color>1A7C11</color>
                                    <item>
                                        <host>Template ESP SMTP</host>
                                        <key>light.discovery.[{#SNMPINDEX}]</key>
                                    </item>
                                </graph_item>
                            </graph_items>
                        </graph_prototype>
                    </graph_prototypes>
                </discovery_rule>
                <discovery_rule>
                    <name>Discovery Pressure Sensor</name>
                    <type>SNMP_AGENT</type>
                    <snmp_oid>discovery[{#PTYPE},1.3.6.1.4.1.4949.1.0,{#PDESCR},1.3.6.1.4.1.4949.1.1]</snmp_oid>
                    <key>psensor.discovery</key>
                    <delay>30m</delay>
                    <filter>
                        <conditions>
                            <condition>
                                <macro>{#PTYPE}</macro>
                                <value>BME</value>
                                <formulaid>A</formulaid>
                            </condition>
                        </conditions>
                    </filter>
                    <item_prototypes>
                        <item_prototype>
                            <name>{#PDESCR}.Pressure</name>
                            <type>SNMP_AGENT</type>
                            <snmp_oid>.1.3.6.1.4.1.4949.1.4.{#SNMPINDEX}</snmp_oid>
                            <key>psensor.discovery.[{#SNMPINDEX}]</key>
                            <delay>5m</delay>
                            <units>hPa</units>
                            <application_prototypes>
                                <application_prototype>
                                    <name>Sensors</name>
                                </application_prototype>
                            </application_prototypes>
                            <preprocessing>
                                <step>
                                    <type>MULTIPLIER</type>
                                    <params>0.1</params>
                                </step>
                            </preprocessing>
                        </item_prototype>
                    </item_prototypes>
                    <graph_prototypes>
                        <graph_prototype>
                            <name>{#PDESCR}.Pressure</name>
                            <graph_items>
                                <graph_item>
                                    <sortorder>1</sortorder>
                                    <color>E53935</color>
                                    <item>
                                        <host>Template ESP SMTP</host>
                                        <key>psensor.discovery.[{#SNMPINDEX}]</key>
                                    </item>
                                </graph_item>
                            </graph_items>
                        </graph_prototype>
                    </graph_prototypes>
                </discovery_rule>
                <discovery_rule>
                    <name>Discovery Temperature Sensor</name>
                    <type>SNMP_AGENT</type>
                    <snmp_oid>discovery[{#PTYPE},1.3.6.1.4.1.4949.1.0,{#PDESCR},1.3.6.1.4.1.4949.1.1]</snmp_oid>
                    <key>tsensor.discovery</key>
                    <delay>30m</delay>
                    <filter>
                        <evaltype>OR</evaltype>
                        <conditions>
                            <condition>
                                <macro>{#PTYPE}</macro>
                                <value>DS</value>
                                <formulaid>A</formulaid>
                            </condition>
                            <condition>
                                <macro>{#PTYPE}</macro>
                                <value>AM</value>
                                <formulaid>B</formulaid>
                            </condition>
                            <condition>
                                <macro>{#PTYPE}</macro>
                                <value>BME</value>
                                <formulaid>C</formulaid>
                            </condition>
                        </conditions>
                    </filter>
                    <item_prototypes>
                        <item_prototype>
                            <name>{#PDESCR}.Temperature</name>
                            <type>SNMP_AGENT</type>
                            <snmp_oid>.1.3.6.1.4.1.4949.1.2.{#SNMPINDEX}</snmp_oid>
                            <key>tsensor.discovery.[{#SNMPINDEX}]</key>
                            <value_type>FLOAT</value_type>
                            <units>°C</units>
                            <application_prototypes>
                                <application_prototype>
                                    <name>Sensors</name>
                                </application_prototype>
                            </application_prototypes>
                            <preprocessing>
                                <step>
                                    <type>MULTIPLIER</type>
                                    <params>0.1</params>
                                </step>
                            </preprocessing>
                            <trigger_prototypes>
                                <trigger_prototype>
                                    <expression>{last(,5m)}&gt;30</expression>
                                    <name>{#PDESCR}.Temperature HI</name>
                                    <priority>INFO</priority>
                                    <manual_close>YES</manual_close>
                                </trigger_prototype>
                            </trigger_prototypes>
                        </item_prototype>
                    </item_prototypes>
                    <graph_prototypes>
                        <graph_prototype>
                            <name>{#PDESCR}.Temperature</name>
                            <graph_items>
                                <graph_item>
                                    <sortorder>1</sortorder>
                                    <color>1A7C11</color>
                                    <item>
                                        <host>Template ESP SMTP</host>
                                        <key>tsensor.discovery.[{#SNMPINDEX}]</key>
                                    </item>
                                </graph_item>
                            </graph_items>
                        </graph_prototype>
                    </graph_prototypes>
                </discovery_rule>
            </discovery_rules>
            <screens>
                <screen>
                    <name>Test</name>
                    <hsize>1</hsize>
                    <vsize>4</vsize>
                    <screen_items>
                        <screen_item>
                            <resourcetype>20</resourcetype>
                            <style>0</style>
                            <resource>
                                <name>{#DDESCR}.DS{#DNUM}.Temperature</name>
                                <host>Template ESP SMTP</host>
                            </resource>
                            <width>500</width>
                            <height>100</height>
                            <x>0</x>
                            <y>0</y>
                            <colspan>1</colspan>
                            <rowspan>1</rowspan>
                            <elements>0</elements>
                            <valign>0</valign>
                            <halign>0</halign>
                            <dynamic>0</dynamic>
                            <sort_triggers>0</sort_triggers>
                            <url/>
                            <application/>
                            <max_columns>3</max_columns>
                        </screen_item>
                        <screen_item>
                            <resourcetype>20</resourcetype>
                            <style>0</style>
                            <resource>
                                <name>{#PDESCR}.Temperature</name>
                                <host>Template ESP SMTP</host>
                            </resource>
                            <width>500</width>
                            <height>100</height>
                            <x>0</x>
                            <y>1</y>
                            <colspan>1</colspan>
                            <rowspan>1</rowspan>
                            <elements>0</elements>
                            <valign>0</valign>
                            <halign>0</halign>
                            <dynamic>0</dynamic>
                            <sort_triggers>0</sort_triggers>
                            <url/>
                            <application/>
                            <max_columns>3</max_columns>
                        </screen_item>
                        <screen_item>
                            <resourcetype>20</resourcetype>
                            <style>0</style>
                            <resource>
                                <name>{#PDESCR}.Pressure</name>
                                <host>Template ESP SMTP</host>
                            </resource>
                            <width>500</width>
                            <height>100</height>
                            <x>0</x>
                            <y>2</y>
                            <colspan>1</colspan>
                            <rowspan>1</rowspan>
                            <elements>0</elements>
                            <valign>0</valign>
                            <halign>0</halign>
                            <dynamic>0</dynamic>
                            <sort_triggers>0</sort_triggers>
                            <url/>
                            <application/>
                            <max_columns>3</max_columns>
                        </screen_item>
                        <screen_item>
                            <resourcetype>20</resourcetype>
                            <style>0</style>
                            <resource>
                                <name>{#PDESCR}.Humidity</name>
                                <host>Template ESP SMTP</host>
                            </resource>
                            <width>500</width>
                            <height>100</height>
                            <x>0</x>
                            <y>3</y>
                            <colspan>1</colspan>
                            <rowspan>1</rowspan>
                            <elements>0</elements>
                            <valign>0</valign>
                            <halign>0</halign>
                            <dynamic>0</dynamic>
                            <sort_triggers>0</sort_triggers>
                            <url/>
                            <application/>
                            <max_columns>3</max_columns>
                        </screen_item>
                    </screen_items>
                </screen>
            </screens>
        </template>
    </templates>
</zabbix_export>
