<?xml version="1.0" encoding="UTF-8"?>
<zabbix_export>
    <version>5.0</version>
    <date>2021-01-31T07:18:20Z</date>
    <groups>
        <group>
            <name>Templates SNMP</name>
        </group>
    </groups>
    <templates>
        <template>
            <template>Template ESP SMTP</template>
            <name>Template ESP SMTP</name>
            <groups>
                <group>
                    <name>Templates SNMP</name>
                </group>
            </groups>
            <items>
                <item>
                    <name>DHThumi</name>
                    <type>SNMP_AGENT</type>
                    <snmp_oid>.1.3.6.1.4.1.276.2.3.1</snmp_oid>
                    <key>DHThumi.0</key>
                    <delay>30</delay>
                    <trends>100d</trends>
                    <value_type>FLOAT</value_type>
                    <units>%</units>
                    <preprocessing>
                        <step>
                            <type>MULTIPLIER</type>
                            <params>0.1</params>
                        </step>
                    </preprocessing>
                </item>
                <item>
                    <name>DHTtemp</name>
                    <type>SNMP_AGENT</type>
                    <snmp_oid>.1.3.6.1.4.1.276.2.3.0</snmp_oid>
                    <key>DHTtemp.0</key>
                    <delay>30</delay>
                    <trends>100d</trends>
                    <value_type>FLOAT</value_type>
                    <units>C</units>
                    <preprocessing>
                        <step>
                            <type>MULTIPLIER</type>
                            <params>0.1</params>
                        </step>
                    </preprocessing>
                </item>
                <item>
                    <name>UpTime</name>
                    <type>SNMP_AGENT</type>
                    <snmp_oid>.1.3.6.1.2.1.1.3.0</snmp_oid>
                    <key>DISMAN-EVENT-MIB_sysUpTimeInstance</key>
                    <delay>60</delay>
                    <history>8d</history>
                    <trends>100d</trends>
                    <units>uptime</units>
                    <preprocessing>
                        <step>
                            <type>MULTIPLIER</type>
                            <params>0.01</params>
                        </step>
                    </preprocessing>
                </item>
                <item>
                    <name>dsWtemp</name>
                    <type>SNMP_AGENT</type>
                    <snmp_oid>.1.3.6.1.4.1.276.0.3.0</snmp_oid>
                    <key>dsWtemp.0</key>
                    <delay>30</delay>
                    <trends>100d</trends>
                    <value_type>FLOAT</value_type>
                    <units>C</units>
                    <preprocessing>
                        <step>
                            <type>MULTIPLIER</type>
                            <params>0.1</params>
                        </step>
                    </preprocessing>
                </item>
                <item>
                    <name>dsWtemp</name>
                    <type>SNMP_AGENT</type>
                    <snmp_oid>.1.3.6.1.4.1.276.1.3.0</snmp_oid>
                    <key>dsWtemp.1</key>
                    <delay>30</delay>
                    <trends>100d</trends>
                    <value_type>FLOAT</value_type>
                    <units>C</units>
                    <preprocessing>
                        <step>
                            <type>MULTIPLIER</type>
                            <params>0.1</params>
                        </step>
                    </preprocessing>
                </item>
                <item>
                    <name>Ping</name>
                    <type>SIMPLE</type>
                    <key>icmpping</key>
                    <delay>60</delay>
                    <history>8d</history>
                    <trends>100d</trends>
                </item>
                <item>
                    <name>ICMP response time</name>
                    <type>SIMPLE</type>
                    <key>icmppingsec</key>
                    <delay>60</delay>
                    <history>8d</history>
                    <trends>100d</trends>
                    <value_type>FLOAT</value_type>
                    <units>s</units>
                </item>
                <item>
                    <name>sysContact</name>
                    <type>SNMP_AGENT</type>
                    <snmp_oid>SNMPv2-MIB::sysContact.0</snmp_oid>
                    <key>sysContact.0</key>
                    <delay>900</delay>
                    <history>8d</history>
                    <trends>0</trends>
                    <value_type>CHAR</value_type>
                </item>
                <item>
                    <name>sysDescr</name>
                    <type>SNMP_AGENT</type>
                    <snmp_oid>SNMPv2-MIB::sysDescr.0</snmp_oid>
                    <key>sysDescr.0</key>
                    <delay>900</delay>
                    <history>8d</history>
                    <trends>0</trends>
                    <value_type>CHAR</value_type>
                </item>
                <item>
                    <name>sysLocation</name>
                    <type>SNMP_AGENT</type>
                    <snmp_oid>SNMPv2-MIB::sysLocation.0</snmp_oid>
                    <key>sysLocation.0</key>
                    <delay>900</delay>
                    <history>8d</history>
                    <trends>0</trends>
                    <value_type>CHAR</value_type>
                    <description>Местоположение</description>
                </item>
                <item>
                    <name>sysName</name>
                    <type>SNMP_AGENT</type>
                    <snmp_oid>SNMPv2-MIB::sysName.0</snmp_oid>
                    <key>sysName.0</key>
                    <delay>900</delay>
                    <history>8d</history>
                    <trends>0</trends>
                    <value_type>CHAR</value_type>
                </item>
                <item>
                    <name>sysObjectID</name>
                    <type>SNMP_AGENT</type>
                    <snmp_oid>SNMPv2-MIB::sysObjectID.0</snmp_oid>
                    <key>sysObjectID.0</key>
                    <delay>900</delay>
                    <history>8d</history>
                    <trends>0</trends>
                    <value_type>CHAR</value_type>
                </item>
                <item>
                    <name>sysServices</name>
                    <type>SNMP_AGENT</type>
                    <snmp_oid>SNMPv2-MIB::sysServices.0</snmp_oid>
                    <key>sysServices.0</key>
                    <delay>900</delay>
                    <history>8d</history>
                    <trends>100d</trends>
                </item>
            </items>
        </template>
    </templates>
</zabbix_export>
